mariannagasparyan;power_mayan
kristyhawkins;kristy_hawkins
hunterhenderson1;huntermhenderson
chakeraingram;c.c_ingram
stefaniecohen;steficohen
stacyburr;bamaburr
chleovanwyk;chleo_v_wyk
johnhaack;bilbo_swaggins181
ashleygarcia1;bad_ash5
yurybelkin;belkin_one_power
chadpenson;kingpensonlifts
evadunbar;evalaurabelle_ifbbpro
jennessalabbate;jennessaann
jeaninewhittaker;jwhitt206
zahirkhudayarov;zahirkhudayarov
blakelehew;deadliftingorangutan
keetadavis;keetamaree
crystaltate;ctate87
andrewhause;daspowerhause
naomisheppard;naomi.phoenixperformance
kodyblazek;deadliftingandstuff
derekthistlethwaite;deathgrip.derek
samantharice;quadslikemom
chantalmarais;chantal_marais88
maliekderstine;maliekderstine
aprilmathis;None
chloelansing;chlo.mae.l
ericlilliebridge;ericlilliebridge
rostislavpetkov;ross_petkov
jessicahause;misspowerhause
susansalazar;supers2o
sarahlewis1;sarah.lewis_
blaketobin;blake_tobin_
barbaralee1;msbarbellbarbie
tayloratwood;t_atwood
tommartin1;tommartinpl
deniseherber;deniseherber_
andreymalanichev;andrey_malanichev
dmitrynasonov;nasonov.dmitriy
jessicaspringer;springerj46
jennrotsinger;jrotsinger
danielbell1;dbell_74
haleyhill;lil_swole2
jensmith1;powerliftersdiary
jaclyncornwell;jaclynrcornwell
larrywilliams1;larrywheels
petrpetras;petras.petr1160
jawongarrison;majin_avenger2.0
angelinabennett;captain.angelina
jasonlegrand;jaselegrand
laurasgro;pocketrocket_booom
zacmeyers;thehulkmeyers
sharoneggleton;princess_of_iron
kevinoak;oakstrong
briannyterry;briannyt
mariyapanferova;pinochka77
benpollack;phdeadlift
kallerasanen;kalle_rs
craigmalkowicz;gotmalk_
egormusienko;egor_musienko_
phillipherndon;phillip_herndon
cailerwoolam;doctor.deadlift
jessenorris;jessenorr
dannygrigsby;dan_grigs
jeremyavilla;jeremyavilla
jamalbrowner;jamal_b15
andreybelyaev1;None
nickramey;nick_ramey
ransonlee;ransonlee
dangreen;dangreenpowerlifter
andrewherbert;herbietheluvbug
amandalawrence1;miss.amanda.ann
vanessatorres;vanessa_pitbull_torres
oleksiimelnyk;melnyk_oleksii_powerlifting
joesullivan;joesullivan_aod
eduarddolgov1;edd_dolgov
suzannedavis;suzanne_davis_ifbb_pro
joeljanssen;None
ashleycontorno;veggie_lifter
kelseypaskert;kelseypaskert
stanefferding;stanefferding
jeremyhamilton;jeremyhamiltonswife
anthonyhobaica;antstillhungry
odellmanuel;odellmanuelpowerlifter
eduardkhanjyan;eduardkhanjyan
yelenaespinoza;yelenaespinozaa
kaunicabyrd;the_superiormindset
kennethcoleman;kennethcoleman_sts
chrispugh1;cpugh7
daylelongford;dl_fitnessrhyl
allisonhind;allisonhind.pl
prescilliabavoil;lya_powerlift
jamessearcy;no_quit_searcy
jordanjarrell;dadbod220
blancavilloch;blanca_villoch
davidherrera1;davidherrera1119
chrisgarcia1;chrisxrobinson
ashtonrouska;ashhh_117
jodieburford;jodie_lanae
nicolaasdupreez;nicolaas_du_preez
estelapena;emppowerwoman
jonathanharder;become_a_beast_181_2k
austindodd1;d_o_double.d
ogdenjmyklebustiii;og_triple_0g
erbolnauanov;erbolnauanov
nadiaotter;None
danielmisencik;daniel_misencik
annakhudayarov;annakhudayarov
kierstenscurlock;scurko_savage
austinperkins1;the75kg
raitsagor;rait_sagor
brandonallen1;brandon_allen88
perseusblack;its_perseus
joshsmith3;shitheadnation
juliamills;juliamillsstrongwoman
ilyafedorov3;None
konstantinpozdeev;pozdeevk
krzysztofwierzbicki;mr.deadlift
mikelackey;mlack15
shanehaller;shanehaller
justinjackson1;klimaxx
janipekkaeirala;powerlifter_jpeirala
dylanhellriegel;dylan_hellraiser
maryfleckenstein;thequadmother
rhetawest;power_lady_74
aaronpalko;oklap
stevebake;yougotbaked
andrzejstanaszek;None
denniscornelius;denniscornelius500
vladislavalhazov;vado.a
drakestephens1;drake.stephens.25
lauravogelsang;xlaurax23
sergeyakhlestin;ahlestinstrongfit
joshlentz;jlentz220
geralddionio;tiny_n_tuff
shawndoyle;shawn.doyle308
markmiller1;ironmafia_4brosgym
loganchapman;logan_chapman_
stanislavshvetsov;None
beckipierotti;bpierotti
micahmarino;micah_marino
hannaluukkonen;hanaamanda_
edwardblair;edward_blair_220
carolagarra;carolagarra
daverichardson1;k18.dsr
grahamhicks;grahamhicksuk
chrisbridgeford;bridgeford242
sergeyfedosienko;sergey_fedosienko
luketolman;luke_tolman_powerlifting
bobbmatthews;ssjbobb
johnkuc;None
ernielilliebridgejr;ernielilliebridgejr
mattmitchell1;_kingbulldog_
nicolemoore;nicole.ann22
danstewart;danstewartpk
maksimsvintsov;None
williamcrozier;wcroz
zackarysanders1;zsanders220
rhysskeane;pale_horse_powerlifting
sarahrainbow;sarah_rainbow
chrisduffin;mad_scientist_duffin
burkitmuratkhanuly;None
oleksandrdenisov1;None
melaniegirard;mchikitita
jenhazzard;boones_mom
maxympotyomkin;None
coltonengelbrecht;col_powerlifting
nickonega;nickonega
jesusolivares;mega.gojira
andyhuang1;that_hugeasian_guy
teecummins;tee_cummins
emmajarman;emma_theestallion
tamarawalcott;plussize_fitqueen4.0
anthonycooper1;jimbocooper_gym
keenanlee;arandomkoreandude
maurospinardi;maurospinardicoach
tessheaslip;tessredsky
brandonpitre;blessedpitre
carlosreyes1;creyes55
oleksandrkutcher;alex_kutcher_
karlinatongotea;karlina23
gabrieldidden;None
ventsislavdimitrov;htnomakeup
ryanwilliams1;ryan_williams77
mohammadraeisi;m.raeisi_power
brandonstriegel;brandon_striegel
travisprogers;papabearrogers
russelorhii;russwole
rondelhunte;deadlift_lord868
oleksandrshevchenko1;shevchenko_power_od
anatoliinovopismennyi;novopysmennyi
marielaortellado;marielaortellado_argentina
patrickmorrison1;manletmorrison
michaelrabone;None
jeremyoleson;jeremyxoleson_
michaelestrella;mikeyestrella
estevaomartinsdasilva;estevao_powerbuilder
maxavierjeanphilippe;rpemax
kyleecraig;platinumpowerprincess
mackiefleishman;saiyan.strong
ronnellleftwich;liftingwithchaazaq
ramazanshikhgasanov;ramazan__shikhgasanov
sambollands;sam_bollands
katemitchellroggeveen;katemitchellroggeveen
biancadaniel;biancalj_pl
jessicabuettner;djessicabuettner
jonathancayco;league_of_lifting
alekseynikulin1;alekzz_z
alexanderkarpenko;None
brittanybowles;brittany_shack
christopherwichtl;bigwichtlpowerlifting
evanmensing;evan_mensing
yuliashenkarenko;yulia_shenkarenko
keithcorrea;itschiefkeith
lukenall;lukenall56
joynnamani;j_nnamani
jordanfaria;jordan_faria
caterinegonzalez;catpowerlift
richardhawthorne;richard_hawthorne1010
charlesdunkelman;williedunkelman
jimmypaquet;jimpaquet
stevejohnson2;forsakenwarrior
charlesbinkley;charliebink1ey
mikemcgivern;mikemcgivern
markplummer1;themarkplummer
viktoriyailieva;None
agatasitko;ja.gata_sitko
namshartzer;namnamnamm
ginaaversa;ginahalfwolf
jonathanpritchard;None
morganturner1;powerprenzs
marcogalindo;marcogalindojr
joshuasmith;None
peterubish;pete.rubish
mattfryfogle;bigmattfryfogle
tomfinn;huckfinnbarbell
oransmith;oranksmith
nickforte;nforte_242
rustambasirov;None
alishaluna;a_l_u_n_a
hifonsmith;hogebobi
romanvoroshylin;None
andreykim1;andrey_kim_ak
teepopoola;teepopoola
daniellamelo;daniellamelo
raywilliams1;optimusprime_334
russellhutchins;None
caseypawson;casepawson
arkadiyshalokha;shalokha1983
tatyanamazar;mazar_powerlifting
alanadaquino;alanadaquino
ericwilberg;None
carlosmoran;thewinterwolves
huntermccleskey;the_real_barbender
michaelderouen;itsderjuan
victorbiryukov;v.biryukov_russianboss
dawsonsmith;None
caseywilliams1;thecaseywilliams
danielclements;danlsann
robhall;worldbreakersavage
amirkhanamirkhanov;None
nicolegonzalez;nikkigunz83
adletmoldagaliev;kazakh_phenom
caitlinsullivan;None
rebeccaroberts1;notmrsdonjohnson
janelvegter;jcvegterlmt
johnrivas;ghengis_john
jessemoran;None
turalgasanov;tural_gasanov_
markconover;None
terriashley;terriboo621
jillmills;1jill_mills
matthewmccormick;macstrength9
racheltorres;barbell_destiny
andreawhite;None
mariahtee;maria_htee
brettgibbs;brettgibbz
chancemitchell;chancemitchellmeta
taylaharndall;taylaharndell
devonporter;devonporter1852
michealseay;maseayjr
gavinadin;gavin_adin
codyrobbins;newegro
natalierichards1;nat_lifting
jadenlacaria;jadenlacaria
sebastianoreb;australianstrengthcoach
stevegentili;ptfitness500
taylarstallings;taylarmade
marcusleoni;marcus.leoni
sambyrd;sambyrd1
galinaabramova;None
andrewottaway;weak_lil_guy
mitchlee1;bigleeroy21
jpprice;jplifts_sbc
willharrington;newdad2017
sumerjohnson;None
taylorball2;None
taylorruder;N_truderalert
shanehunt;huntpowerlifting
valeriyshumbasov;None
mariaramos1;maria_ramos_powerlifting
emilyhu1;amithebenchbrah
jennifergaeding;heyyyjenjen
emilkrastev;ekrustew
cameronneedham;None
samanthabechard;sam.bechard
brycelewis;bryce_tsa
marcussannadan;filipinothunder
tomkallas;tomkal1
tiffanychapon;turbo_tiff
keithmchoney;kmacpower
joeycoriaci;None
nathanbrandhorst;nathan_brandhorst
marcuscrowder;crowder_nmfthepit
joshenmark;stupidlystrong
annapardzhiani;anna_pardzhiani
fredseewald;None
maksimnurutdinov;None
roncollins;None
ryanraynier;furious_george181
meanaalbersworth;meana.albersworth
samanthadibois;None
andreychernenko;andreyka_chernenko
channingdoyle;None
jaymimorris;jaymiijigsaw
antoniocarter;None
deanadandrea;deanabeana1
jennifermillican;jenmillican
seannoriega;hamstringpapi
mattsohmer;mattsohmer
larrypacifico;pacificolarry
jaredskinner;drjskinner2315
demerriusslocum;None
davidjenkinson;dave.jenkz
konstantinkonstantinovs;kk_powerlifting
arichmanperez;None
eetusieppi;eetusieppi
razimhuseynov;None
fernandoarias;None
jongruden;deucegruden
charlesvogel;charles_swolgel
mojtabamaleki;None
jakebenson;jakeyb_43
angelofortino;None
janosrajmundnagy;nagyjanipowerlifting
samanthacalhoun;sam.s.calhoun
simonwilliams1;siiiwilliams_powerlifter
robbphilippus;quadslikerobb
shanejerman;mstsystems
aleksandrobukhovich;None
josesalgado;josesalgadopowerlifting
seangreen3;seandgreen23
henrycraig;huge_googley_bear
eddieberglund;strongeddie
nataliyamavdrik;None
kylekirvay;None
geramyalexander;g.a.powerlifting.181
dylanfinley1;None
alexdeken;alexdekenpl
cindyrivera;cindylou_rd
bradcrawford;bhoss601
marzenawierzbicka;None
loganvarner;loganvarner
kimberlywalford;trackfu
blaketaylor2;blaketaylor_87
derikbailey;derik.bailey
chadwesleysmith;chadwesleysmith
justinzottl;None
lesgrills;arseflip
delaneywallace;dlaneywallace
aloragriffiths;aloragriffiths
chrisweist;unleash_the_weist
chrisstamatiou;critta_
kevintorres;pitbull_torres
andreymitrofanov;None
joshgregory;joshgregory33
alexsimon;godlystrong
dimitriosrallis;rallis_dimitris
nickbest;nickbeststrongman
tonycarter;None
ruslanklimov;None
mitchdelamerced;dela_fit
brantleythornton;brantleythornton
kristospapanotis;kristos_papanotis
sherinemarcelle;sincerelysherine
mattwenning;realmattwenning
matejsyrovatka;matej.syrovatka
dylanpolo;dylanpolo__
janosfazekas;janos.fazekas
jacodewaal;None
romanantonyak;romanantoniak
jacqueswilliams;None
anjazosso;hashtaggetstronger
erikkaracsondi;erikkaracsondi
amitsapir;None
morganaquinogarcia;morgan.aquino
charlesokpoko;charlesokpoko
rorypayne;powerlifting_pilot
boristsvetkov1;None
joshcaldwell;the_juicebox_
kadeproctor;kade.proctor
tonyconyers;tony_conyers
moniquejackson;None
trafarrington;unbreakabletra
brandonlilly;brandonlilly3
tashawhelan;ironwolf03
kirkkarwoski;kirk_karwoski
emilnorling;emppanorling
martekjenner;mkjenner
husameddinateyia;None
joshmorris1;joshmmorris24
isaiahgrice;None
jadejacob;jade.jacobb
coramecum;coorrraaa
katbecker;None
joncole1;None
sergejmoser;None
davidlomeli;lomeli198
zsuzsannatoth;zsuzskapl
jeanfrancoiscaron3;None
anthonykrznar;the_australian_yeti
irinapetrovich;None
stellahiggins;None
tracyjones4;None
griffinuhl;griffinuhl
benjamincreagh;barbell_bender_
preciousmckenzie;None
rondellkelley;rondell.e.kelley
igormatsko;matsko_igor
scottsmith1;None
brandonfranklin;frankdaddy29
kirillsarychev;sarychevkirill
aleksandrlugovoy;lugooovoy
michaeldavis1;mikeydeee_
noeliacoronaterry;ncoronaterry18
hafthorjuliusbjornsson;thorbjornsson
brandenshort;bshort_
whitneybaxley;iamwhitbaxley
gustavhedlund;gustav.hedlund
scottprosek;strengthnpower1
palllogason;fermeter
harrisonstickelman;harrystickelman
richardwright1;None
stellakrupinski;None
jonathanhill1;mrjonhill
mohamedbouafia;bouafia.powerlifting
natalyakuzmina1;None
danedillon;danejdillon
heatherconnor;heather.e.connor
mackieflieshman;None
patrickmaguire1;full_primal_power
romanstupnikov;None
courtneynorris;fueledbyiron
meghanscanlon;megscanlift
kadeweber;kadeweber2150
danelvanjaarsveld;danelwarriorwoman
saschastendebach;sascha_stendebach
jaroslavzeleny;None
benediktmagnusson1;benni_magnusson
davidjasiulewicz;thepowerturtle
gonzalollopis;gonzalollj323
mattstenzel;matt_stenzel
josephjordan2;joe.jordan22
lukeuribe;None
markchieco;mchieco
sergeyrazudalov;None
marisadrew;marisadrew_
ceejaybyam;ifbbceejaygarner
jonathanczerwin;None
dankyser;None
waceycoleman;waceycoleman
bvindersinghbarrah;sonny_bsb
robertmorrison1;None
aleksandrreshetnikov;None
paulijussila;devils_rawpower
bobbiebutters;bobbie.butters
ahmedmohamed;None
laurengreen1;laurenkelliegreen
chriskennedy1;chrispowerlifts
ericklewis;big_bo_lewis
luisvasquez;None
alexanderscory;None
emersonknoebel;None
kjellegilbakkelund;kjelllbrell
gregwise;gwise90
maksimbalakhov;None
kevinmclaughlin;None
vasiliyomelchenko;None
panagiotistarinidis;thepanash
annavishnyak;None
josefgrmolec;josef.grmolec
jamesdollmanjr;jmdollman
timothymonigatti;tim_monigatti
daveraymond;None
antonobodovskiy;None
vitaliybobrov;None
davidthompson3;None
patriciaking;fatness_evereats
